decade,playlist_genre,count,prev_count,change
50s,afrobeats,0.0,,0.0
60s,afrobeats,0.0,0.0,0.0
70s,afrobeats,0.0,0.0,0.0
80s,afrobeats,0.0,0.0,0.0
90s,afrobeats,0.0,0.0,0.0
00s,afrobeats,0.0,0.0,0.0
10s,afrobeats,0.0,0.0,0.0
20s,afrobeats,82.0,0.0,82.0
50s,ambient,0.0,,0.0
60s,ambient,0.0,0.0,0.0
70s,ambient,0.0,0.0,0.0
80s,ambient,0.0,0.0,0.0
90s,ambient,0.0,0.0,0.0
00s,ambient,2.0,0.0,2.0
10s,ambient,42.0,2.0,40.0
20s,ambient,315.0,42.0,273.0
50s,arabic,0.0,,0.0
60s,arabic,0.0,0.0,0.0
70s,arabic,0.0,0.0,0.0
80s,arabic,0.0,0.0,0.0
90s,arabic,2.0,0.0,2.0
00s,arabic,0.0,2.0,-2.0
10s,arabic,45.0,0.0,45.0
20s,arabic,161.0,45.0,116.0
50s,blues,0.0,,0.0
60s,blues,1.0,0.0,1.0
70s,blues,1.0,1.0,0.0
80s,blues,7.0,1.0,6.0
90s,blues,30.0,7.0,23.0
00s,blues,35.0,30.0,5.0
10s,blues,12.0,35.0,-23.0
20s,blues,2.0,12.0,-10.0
50s,brazilian,0.0,,0.0
60s,brazilian,0.0,0.0,0.0
70s,brazilian,0.0,0.0,0.0
80s,brazilian,0.0,0.0,0.0
90s,brazilian,16.0,0.0,16.0
00s,brazilian,33.0,16.0,17.0
10s,brazilian,43.0,33.0,10.0
20s,brazilian,56.0,43.0,13.0
50s,cantopop,0.0,,0.0
60s,cantopop,0.0,0.0,0.0
70s,cantopop,0.0,0.0,0.0
80s,cantopop,0.0,0.0,0.0
90s,cantopop,5.0,0.0,5.0
00s,cantopop,12.0,5.0,7.0
10s,cantopop,10.0,12.0,-2.0
20s,cantopop,0.0,10.0,-10.0
50s,classical,0.0,,0.0
60s,classical,0.0,0.0,0.0
70s,classical,1.0,0.0,1.0
80s,classical,0.0,1.0,-1.0
90s,classical,12.0,0.0,12.0
00s,classical,17.0,12.0,5.0
10s,classical,52.0,17.0,35.0
20s,classical,39.0,52.0,-13.0
50s,country,0.0,,0.0
60s,country,0.0,0.0,0.0
70s,country,2.0,0.0,2.0
80s,country,1.0,2.0,-1.0
90s,country,0.0,1.0,-1.0
00s,country,2.0,0.0,2.0
10s,country,4.0,2.0,2.0
20s,country,2.0,4.0,-2.0
50s,disco,0.0,,0.0
60s,disco,0.0,0.0,0.0
70s,disco,0.0,0.0,0.0
80s,disco,0.0,0.0,0.0
90s,disco,1.0,0.0,1.0
00s,disco,0.0,1.0,-1.0
10s,disco,7.0,0.0,7.0
20s,disco,1.0,7.0,-6.0
50s,electronic,0.0,,0.0
60s,electronic,0.0,0.0,0.0
70s,electronic,0.0,0.0,0.0
80s,electronic,0.0,0.0,0.0
90s,electronic,11.0,0.0,11.0
00s,electronic,16.0,11.0,5.0
10s,electronic,160.0,16.0,144.0
20s,electronic,402.0,160.0,242.0
50s,folk,0.0,,0.0
60s,folk,0.0,0.0,0.0
70s,folk,4.0,0.0,4.0
80s,folk,0.0,4.0,-4.0
90s,folk,0.0,0.0,0.0
00s,folk,4.0,0.0,4.0
10s,folk,25.0,4.0,21.0
20s,folk,35.0,25.0,10.0
50s,funk,0.0,,0.0
60s,funk,0.0,0.0,0.0
70s,funk,0.0,0.0,0.0
80s,funk,0.0,0.0,0.0
90s,funk,0.0,0.0,0.0
00s,funk,0.0,0.0,0.0
10s,funk,6.0,0.0,6.0
20s,funk,22.0,6.0,16.0
50s,gaming,0.0,,0.0
60s,gaming,0.0,0.0,0.0
70s,gaming,0.0,0.0,0.0
80s,gaming,0.0,0.0,0.0
90s,gaming,0.0,0.0,0.0
00s,gaming,1.0,0.0,1.0
10s,gaming,19.0,1.0,18.0
20s,gaming,113.0,19.0,94.0
50s,gospel,0.0,,0.0
60s,gospel,0.0,0.0,0.0
70s,gospel,0.0,0.0,0.0
80s,gospel,0.0,0.0,0.0
90s,gospel,0.0,0.0,0.0
00s,gospel,0.0,0.0,0.0
10s,gospel,0.0,0.0,0.0
20s,gospel,39.0,0.0,39.0
50s,hip-hop,0.0,,0.0
60s,hip-hop,0.0,0.0,0.0
70s,hip-hop,0.0,0.0,0.0
80s,hip-hop,0.0,0.0,0.0
90s,hip-hop,49.0,0.0,49.0
00s,hip-hop,4.0,49.0,-45.0
10s,hip-hop,83.0,4.0,79.0
20s,hip-hop,259.0,83.0,176.0
50s,indian,0.0,,0.0
60s,indian,0.0,0.0,0.0
70s,indian,0.0,0.0,0.0
80s,indian,0.0,0.0,0.0
90s,indian,1.0,0.0,1.0
00s,indian,2.0,1.0,1.0
10s,indian,19.0,2.0,17.0
20s,indian,35.0,19.0,16.0
50s,indie,0.0,,0.0
60s,indie,0.0,0.0,0.0
70s,indie,0.0,0.0,0.0
80s,indie,0.0,0.0,0.0
90s,indie,0.0,0.0,0.0
00s,indie,0.0,0.0,0.0
10s,indie,8.0,0.0,8.0
20s,indie,9.0,8.0,1.0
50s,j-pop,0.0,,0.0
60s,j-pop,0.0,0.0,0.0
70s,j-pop,0.0,0.0,0.0
80s,j-pop,0.0,0.0,0.0
90s,j-pop,0.0,0.0,0.0
00s,j-pop,0.0,0.0,0.0
10s,j-pop,0.0,0.0,0.0
20s,j-pop,23.0,0.0,23.0
50s,jazz,1.0,,1.0
60s,jazz,0.0,1.0,-1.0
70s,jazz,0.0,0.0,0.0
80s,jazz,0.0,0.0,0.0
90s,jazz,17.0,0.0,17.0
00s,jazz,18.0,17.0,1.0
10s,jazz,8.0,18.0,-10.0
20s,jazz,102.0,8.0,94.0
50s,k-pop,0.0,,0.0
60s,k-pop,0.0,0.0,0.0
70s,k-pop,0.0,0.0,0.0
80s,k-pop,0.0,0.0,0.0
90s,k-pop,0.0,0.0,0.0
00s,k-pop,0.0,0.0,0.0
10s,k-pop,0.0,0.0,0.0
20s,k-pop,17.0,0.0,17.0
50s,korean,0.0,,0.0
60s,korean,0.0,0.0,0.0
70s,korean,0.0,0.0,0.0
80s,korean,1.0,0.0,1.0
90s,korean,1.0,1.0,0.0
00s,korean,1.0,1.0,0.0
10s,korean,15.0,1.0,14.0
20s,korean,16.0,15.0,1.0
50s,latin,0.0,,0.0
60s,latin,0.0,0.0,0.0
70s,latin,0.0,0.0,0.0
80s,latin,0.0,0.0,0.0
90s,latin,6.0,0.0,6.0
00s,latin,16.0,6.0,10.0
10s,latin,97.0,16.0,81.0
20s,latin,306.0,97.0,209.0
50s,lofi,0.0,,0.0
60s,lofi,0.0,0.0,0.0
70s,lofi,0.0,0.0,0.0
80s,lofi,0.0,0.0,0.0
90s,lofi,0.0,0.0,0.0
00s,lofi,0.0,0.0,0.0
10s,lofi,17.0,0.0,17.0
20s,lofi,282.0,17.0,265.0
50s,mandopop,0.0,,0.0
60s,mandopop,0.0,0.0,0.0
70s,mandopop,0.0,0.0,0.0
80s,mandopop,0.0,0.0,0.0
90s,mandopop,0.0,0.0,0.0
00s,mandopop,0.0,0.0,0.0
10s,mandopop,0.0,0.0,0.0
20s,mandopop,14.0,0.0,14.0
50s,metal,0.0,,0.0
60s,metal,0.0,0.0,0.0
70s,metal,0.0,0.0,0.0
80s,metal,9.0,0.0,9.0
90s,metal,23.0,9.0,14.0
00s,metal,8.0,23.0,-15.0
10s,metal,7.0,8.0,-1.0
20s,metal,2.0,7.0,-5.0
50s,pop,1.0,,1.0
60s,pop,1.0,1.0,0.0
70s,pop,12.0,1.0,11.0
80s,pop,19.0,12.0,7.0
90s,pop,21.0,19.0,2.0
00s,pop,56.0,21.0,35.0
10s,pop,174.0,56.0,118.0
20s,pop,231.0,174.0,57.0
50s,punk,0.0,,0.0
60s,punk,0.0,0.0,0.0
70s,punk,0.0,0.0,0.0
80s,punk,0.0,0.0,0.0
90s,punk,4.0,0.0,4.0
00s,punk,52.0,4.0,48.0
10s,punk,18.0,52.0,-34.0
20s,punk,0.0,18.0,-18.0
50s,r&b,0.0,,0.0
60s,r&b,0.0,0.0,0.0
70s,r&b,0.0,0.0,0.0
80s,r&b,0.0,0.0,0.0
90s,r&b,1.0,0.0,1.0
00s,r&b,20.0,1.0,19.0
10s,r&b,16.0,20.0,-4.0
20s,r&b,13.0,16.0,-3.0
50s,reggae,0.0,,0.0
60s,reggae,0.0,0.0,0.0
70s,reggae,0.0,0.0,0.0
80s,reggae,2.0,0.0,2.0
90s,reggae,5.0,2.0,3.0
00s,reggae,5.0,5.0,0.0
10s,reggae,8.0,5.0,3.0
20s,reggae,4.0,8.0,-4.0
50s,rock,0.0,,0.0
60s,rock,7.0,0.0,7.0
70s,rock,36.0,7.0,29.0
80s,rock,67.0,36.0,31.0
90s,rock,59.0,67.0,-8.0
00s,rock,62.0,59.0,3.0
10s,rock,32.0,62.0,-30.0
20s,rock,82.0,32.0,50.0
50s,soca,0.0,,0.0
60s,soca,0.0,0.0,0.0
70s,soca,0.0,0.0,0.0
80s,soca,0.0,0.0,0.0
90s,soca,1.0,0.0,1.0
00s,soca,0.0,1.0,-1.0
10s,soca,9.0,0.0,9.0
20s,soca,4.0,9.0,-5.0
50s,soul,0.0,,0.0
60s,soul,0.0,0.0,0.0
70s,soul,0.0,0.0,0.0
80s,soul,0.0,0.0,0.0
90s,soul,0.0,0.0,0.0
00s,soul,0.0,0.0,0.0
10s,soul,0.0,0.0,0.0
20s,soul,44.0,0.0,44.0
50s,turkish,0.0,,0.0
60s,turkish,0.0,0.0,0.0
70s,turkish,0.0,0.0,0.0
80s,turkish,0.0,0.0,0.0
90s,turkish,0.0,0.0,0.0
00s,turkish,0.0,0.0,0.0
10s,turkish,0.0,0.0,0.0
20s,turkish,71.0,0.0,71.0
50s,wellness,0.0,,0.0
60s,wellness,0.0,0.0,0.0
70s,wellness,0.0,0.0,0.0
80s,wellness,0.0,0.0,0.0
90s,wellness,0.0,0.0,0.0
00s,wellness,0.0,0.0,0.0
10s,wellness,0.0,0.0,0.0
20s,wellness,80.0,0.0,80.0
50s,world,0.0,,0.0
60s,world,0.0,0.0,0.0
70s,world,0.0,0.0,0.0
80s,world,0.0,0.0,0.0
90s,world,8.0,0.0,8.0
00s,world,17.0,8.0,9.0
10s,world,76.0,17.0,59.0
20s,world,127.0,76.0,51.0
